{
    "routes": [
        {
            "geometry": [
                [
                    -46.677780,
                    -23.564246 
                ],
                [
                    -46.676513,
                    -23.563564
                ],
                [
                    -46.675824,
                    -23.563065
                ],
                [
                    -46.675326,
                    -23.563752
                ],
                [
                    -46.675084, 
                    -23.563437
                ]
            ]
        },
        {
            "geometry": [
                [
                    -46.674872,
                    -23.558532
                ],
                [
                    -46.676826,
                    -23.559686
                ],
                [
                    -46.678106,
                    -23.557910
                ]
            ]
        }
       
    ]
}